Artists,weeks_on_chart,streams,artist_genres
Kate Bush,7,46609146,"['art pop', 'art rock', 'baroque pop', 'new wave pop', 'permanent wave', 'piano rock', 'singer-songwriter']"
Harry Styles,15,44759969,['pop']
Harry Styles,15,44759969,['pop']
Harry Styles,15,44759969,['pop']
Harry Styles,15,44759969,['pop']
Harry Styles,15,44759969,['pop']
Harry Styles,15,44759969,['pop']
Bizarrap Quevedo,1,38443942,"['argentine hip hop', 'pop venezolano', 'trap argentino']"
Bad Bunny Chencho Corleone,10,38042392,"['latin', 'reggaeton', 'trap latino']"
Joji,5,34930156,['viral pop']
Joji,5,34930156,['viral pop']
Bad Bunny,10,32423071,"['latin', 'reggaeton', 'trap latino']"
Bad Bunny,10,32423071,"['latin', 'reggaeton', 'trap latino']"
Bad Bunny,10,32423071,"['latin', 'reggaeton', 'trap latino']"
Bad Bunny,10,32423071,"['latin', 'reggaeton', 'trap latino']"
Bad Bunny,10,32423071,"['latin', 'reggaeton', 'trap latino']"
Bad Bunny,10,32423071,"['latin', 'reggaeton', 'trap latino']"
Bad Bunny,10,32423071,"['latin', 'reggaeton', 'trap latino']"
Bad Bunny,10,32423071,"['latin', 'reggaeton', 'trap latino']"
Bad Bunny,10,32423071,"['latin', 'reggaeton', 'trap latino']"
Bad Bunny,10,32423071,"['latin', 'reggaeton', 'trap latino']"
Bad Bunny,10,32423071,"['latin', 'reggaeton', 'trap latino']"
Bad Bunny,10,32423071,"['latin', 'reggaeton', 'trap latino']"
Bad Bunny,10,32423071,"['latin', 'reggaeton', 'trap latino']"
Bad Bunny,10,32423071,"['latin', 'reggaeton', 'trap latino']"
Bad Bunny Bomba Estereo,10,28065267,"['latin', 'reggaeton', 'trap latino']"
Bad Bunny,10,26558071,"['latin', 'reggaeton', 'trap latino']"
Bad Bunny,10,26558071,"['latin', 'reggaeton', 'trap latino']"
Bad Bunny,10,26558071,"['latin', 'reggaeton', 'trap latino']"
Bad Bunny,10,26558071,"['latin', 'reggaeton', 'trap latino']"
Bad Bunny,10,26558071,"['latin', 'reggaeton', 'trap latino']"
Bad Bunny,10,26558071,"['latin', 'reggaeton', 'trap latino']"
Bad Bunny,10,26558071,"['latin', 'reggaeton', 'trap latino']"
Bad Bunny,10,26558071,"['latin', 'reggaeton', 'trap latino']"
Bad Bunny,10,26558071,"['latin', 'reggaeton', 'trap latino']"
Bad Bunny,10,26558071,"['latin', 'reggaeton', 'trap latino']"
Bad Bunny,10,26558071,"['latin', 'reggaeton', 'trap latino']"
Bad Bunny,10,26558071,"['latin', 'reggaeton', 'trap latino']"
Bad Bunny,10,26558071,"['latin', 'reggaeton', 'trap latino']"
Bad Bunny,10,26558071,"['latin', 'reggaeton', 'trap latino']"
Bad Bunny,10,23671403,"['latin', 'reggaeton', 'trap latino']"
Bad Bunny,10,23671403,"['latin', 'reggaeton', 'trap latino']"
Bad Bunny,10,23671403,"['latin', 'reggaeton', 'trap latino']"
Bad Bunny,10,23671403,"['latin', 'reggaeton', 'trap latino']"
Bad Bunny,10,23671403,"['latin', 'reggaeton', 'trap latino']"
Bad Bunny,10,23671403,"['latin', 'reggaeton', 'trap latino']"
Bad Bunny,10,23671403,"['latin', 'reggaeton', 'trap latino']"
Bad Bunny,10,23671403,"['latin', 'reggaeton', 'trap latino']"
Bad Bunny,10,23671403,"['latin', 'reggaeton', 'trap latino']"
Bad Bunny,10,23671403,"['latin', 'reggaeton', 'trap latino']"
Bad Bunny,10,23671403,"['latin', 'reggaeton', 'trap latino']"
Bad Bunny,10,23671403,"['latin', 'reggaeton', 'trap latino']"
Bad Bunny,10,23671403,"['latin', 'reggaeton', 'trap latino']"
Bad Bunny,10,23671403,"['latin', 'reggaeton', 'trap latino']"
Charlie Puth BTS Jung Kook,3,22173100,"['dance pop', 'pop', 'viral pop']"
Glass Animals,81,21757972,"['gauze pop', 'indietronica', 'shiver pop']"
KAROL G,12,20212565,"['latin', 'reggaeton', 'reggaeton colombiano']"
Lizzo,11,18949477,"['dance pop', 'escape room', 'minnesota hip hop', 'pop', 'trap queen']"
Shakira Rauw Alejandro,12,17913759,"['colombian pop', 'dance pop', 'latin', 'latin pop', 'pop']"
OneRepublic,6,17494174,"['dance pop', 'piano rock', 'pop', 'pop rock']"
OneRepublic,6,17494174,"['dance pop', 'piano rock', 'pop', 'pop rock']"
Drake 21 Savage,4,17140949,"['canadian hip hop', 'canadian pop', 'hip hop', 'rap', 'toronto rap']"
Bad Bunny Jhay Cortez,10,17125522,"['latin', 'reggaeton', 'trap latino']"
Bad Bunny Jhay Cortez,10,17125522,"['latin', 'reggaeton', 'trap latino']"
Bad Bunny Rauw Alejandro,10,16783874,"['latin', 'reggaeton', 'trap latino']"
The Kid LAROI Justin Bieber,53,16690829,['australian hip hop']
Metallica,2,16064478,"['hard rock', 'metal', 'old school thrash', 'rock', 'thrash metal']"
Camila Cabello Ed Sheeran,19,16016439,"['dance pop', 'pop', 'post-teen pop', 'uk pop']"
Elton John Dua Lipa PNAU,48,15753242,"['glam rock', 'mellow gold', 'piano rock']"
Harry Styles,8,15574572,['pop']
Harry Styles,8,15574572,['pop']
Harry Styles,8,15574572,['pop']
Harry Styles,8,15574572,['pop']
Harry Styles,8,15574572,['pop']
Harry Styles,8,15574572,['pop']
Jack Harlow,14,14895959,"['deep underground hip hop', 'kentucky hip hop', 'rap']"
Post Malone Doja Cat,6,14568876,"['dfw rap', 'melodic rap', 'rap']"
Doja Cat,6,13499216,"['dfw rap', 'melodic rap', 'rap']"
Doja Cat,6,13499216,"['dfw rap', 'melodic rap', 'rap']"
Doja Cat,6,13499216,"['dfw rap', 'melodic rap', 'rap']"
Beyonce,4,13245304,"['dance pop', 'pop', 'r&b']"
Justin Bieber,43,13106224,"['canadian pop', 'pop']"
Elley Duhe,29,13025567,"['alt z', 'pop']"
Calvin Harris Dua Lipa,79,12980634,"['dance pop', 'edm', 'electro house', 'house', 'pop', 'progressive house', 'uk dance']"
Stephen Sanchez,10,12634834,['gen z singer-songwriter']
Bad Bunny,10,12309949,"['latin', 'reggaeton', 'trap latino']"
Bad Bunny,10,12309949,"['latin', 'reggaeton', 'trap latino']"
Bad Bunny,10,12309949,"['latin', 'reggaeton', 'trap latino']"
Bad Bunny,10,12309949,"['latin', 'reggaeton', 'trap latino']"
Bad Bunny,10,12309949,"['latin', 'reggaeton', 'trap latino']"
Bad Bunny,10,12309949,"['latin', 'reggaeton', 'trap latino']"
Bad Bunny,10,12309949,"['latin', 'reggaeton', 'trap latino']"
Bad Bunny,10,12309949,"['latin', 'reggaeton', 'trap latino']"
Bad Bunny,10,12309949,"['latin', 'reggaeton', 'trap latino']"
Bad Bunny,10,12309949,"['latin', 'reggaeton', 'trap latino']"
Bad Bunny,10,12309949,"['latin', 'reggaeton', 'trap latino']"
Bad Bunny,10,12309949,"['latin', 'reggaeton', 'trap latino']"
Bad Bunny,10,12309949,"['latin', 'reggaeton', 'trap latino']"
Bad Bunny,10,12309949,"['latin', 'reggaeton', 'trap latino']"
Nicky Youre dazy,10,12301842,[]
Cris Mj,20,12071466,"['mambo chileno', 'urbano chileno']"
Bad Bunny Tony Dize,10,12062263,"['latin', 'reggaeton', 'trap latino']"
Becky G KAROL G,22,11891516,"['latin', 'latin pop', 'pop venezolano', 'reggaeton', 'trap latino']"
Imagine Dragons JID Arcane League of Legends,37,11796456,"['modern rock', 'rock']"
Ed Sheeran,44,11699434,"['pop', 'uk pop']"
Ed Sheeran,44,11699434,"['pop', 'uk pop']"
Ed Sheeran,44,11699434,"['pop', 'uk pop']"
Ed Sheeran,44,11699434,"['pop', 'uk pop']"
Lost Frequencies Calum Scott,45,11442395,"['belgian edm', 'edm', 'pop', 'pop dance', 'tropical house']"
Doja Cat,53,11282964,"['dfw rap', 'melodic rap', 'rap']"
Doja Cat,53,11282964,"['dfw rap', 'melodic rap', 'rap']"
Doja Cat,53,11282964,"['dfw rap', 'melodic rap', 'rap']"
The Weeknd,137,11236829,"['canadian contemporary r&b', 'canadian pop', 'pop']"
The Weeknd,137,11236829,"['canadian contemporary r&b', 'canadian pop', 'pop']"
The Weeknd,137,11236829,"['canadian contemporary r&b', 'canadian pop', 'pop']"
The Weeknd,137,11236829,"['canadian contemporary r&b', 'canadian pop', 'pop']"
The Weeknd,137,11236829,"['canadian contemporary r&b', 'canadian pop', 'pop']"
Lil Nas X Jack Harlow,51,11234594,"['lgbtq+ hip hop', 'pop']"
Rauw Alejandro Chencho Corleone,31,11181060,"['puerto rican pop', 'trap latino']"
Bad Bunny,10,10962117,"['latin', 'reggaeton', 'trap latino']"
Bad Bunny,10,10962117,"['latin', 'reggaeton', 'trap latino']"
Bad Bunny,10,10962117,"['latin', 'reggaeton', 'trap latino']"
Bad Bunny,10,10962117,"['latin', 'reggaeton', 'trap latino']"
Bad Bunny,10,10962117,"['latin', 'reggaeton', 'trap latino']"
Bad Bunny,10,10962117,"['latin', 'reggaeton', 'trap latino']"
Bad Bunny,10,10962117,"['latin', 'reggaeton', 'trap latino']"
Bad Bunny,10,10962117,"['latin', 'reggaeton', 'trap latino']"
Bad Bunny,10,10962117,"['latin', 'reggaeton', 'trap latino']"
Bad Bunny,10,10962117,"['latin', 'reggaeton', 'trap latino']"
Bad Bunny,10,10962117,"['latin', 'reggaeton', 'trap latino']"
Bad Bunny,10,10962117,"['latin', 'reggaeton', 'trap latino']"
Bad Bunny,10,10962117,"['latin', 'reggaeton', 'trap latino']"
Bad Bunny,10,10962117,"['latin', 'reggaeton', 'trap latino']"
Future Drake Tems,11,10767760,"['atl hip hop', 'rap', 'southern hip hop', 'trap']"
Ruth B,48,10766728,"['alt z', 'canadian contemporary r&b', 'canadian pop', 'pop']"
The Neighbourhood,98,10570057,"['modern alternative rock', 'modern rock', 'pop', 'shimmer pop']"
The Neighbourhood,98,10570057,"['modern alternative rock', 'modern rock', 'pop', 'shimmer pop']"
Harry Styles,139,10476053,['pop']
Harry Styles,139,10476053,['pop']
Harry Styles,139,10476053,['pop']
Harry Styles,139,10476053,['pop']
Harry Styles,139,10476053,['pop']
Harry Styles,139,10476053,['pop']
Tom Odell,66,10250644,"['chill pop', 'pop']"
Drake,4,10210464,"['canadian hip hop', 'canadian pop', 'hip hop', 'rap', 'toronto rap']"
Drake,4,10210464,"['canadian hip hop', 'canadian pop', 'hip hop', 'rap', 'toronto rap']"
PolimA Westcoast Pailita Feid Paloma Mami De La Ghetto,4,10184548,"['trap chileno', 'trap latino', 'trap triste', 'urbano chileno']"
Bad Bunny,10,9909100,"['latin', 'reggaeton', 'trap latino']"
Bad Bunny,10,9909100,"['latin', 'reggaeton', 'trap latino']"
Bad Bunny,10,9909100,"['latin', 'reggaeton', 'trap latino']"
Bad Bunny,10,9909100,"['latin', 'reggaeton', 'trap latino']"
Bad Bunny,10,9909100,"['latin', 'reggaeton', 'trap latino']"
Bad Bunny,10,9909100,"['latin', 'reggaeton', 'trap latino']"
Bad Bunny,10,9909100,"['latin', 'reggaeton', 'trap latino']"
Bad Bunny,10,9909100,"['latin', 'reggaeton', 'trap latino']"
Bad Bunny,10,9909100,"['latin', 'reggaeton', 'trap latino']"
Bad Bunny,10,9909100,"['latin', 'reggaeton', 'trap latino']"
Bad Bunny,10,9909100,"['latin', 'reggaeton', 'trap latino']"
Bad Bunny,10,9909100,"['latin', 'reggaeton', 'trap latino']"
Bad Bunny,10,9909100,"['latin', 'reggaeton', 'trap latino']"
Bad Bunny,10,9909100,"['latin', 'reggaeton', 'trap latino']"
Farruko,53,9862960,"['latin', 'latin hip hop', 'reggaeton', 'trap latino']"
Bizarrap Villano Antillano,5,9730344,"['argentine hip hop', 'pop venezolano', 'trap argentino']"
Ed Sheeran,55,9709305,"['pop', 'uk pop']"
Ed Sheeran,55,9709305,"['pop', 'uk pop']"
Ed Sheeran,55,9709305,"['pop', 'uk pop']"
Ed Sheeran,55,9709305,"['pop', 'uk pop']"
Chris Jedi Anuel AA Chencho Corleone AÂ‘engo Flow,8,9661420,"['latin', 'latin hip hop', 'reggaeton', 'reggaeton flow', 'trap latino']"
Feid,1,9623337,"['reggaeton', 'trap latino']"
Steve Lacy,1,9518756,['afrofuturism']
Steve Lacy,1,9518756,['afrofuturism']
Olivia Rodrigo,61,9429278,['pop']
Olivia Rodrigo,61,9429278,['pop']
Olivia Rodrigo,61,9429278,['pop']
Olivia Rodrigo,61,9429278,['pop']
Olivia Rodrigo,61,9429278,['pop']
The Weeknd,22,9385410,"['canadian contemporary r&b', 'canadian pop', 'pop']"
The Weeknd,22,9385410,"['canadian contemporary r&b', 'canadian pop', 'pop']"
The Weeknd,22,9385410,"['canadian contemporary r&b', 'canadian pop', 'pop']"
The Weeknd,22,9385410,"['canadian contemporary r&b', 'canadian pop', 'pop']"
The Weeknd,22,9385410,"['canadian contemporary r&b', 'canadian pop', 'pop']"
Bad Bunny Buscabulla,10,9344372,"['latin', 'reggaeton', 'trap latino']"
BTS,5,9105031,"['dance pop', 'pop', 'viral pop']"
BTS,5,9105031,"['dance pop', 'pop', 'viral pop']"
BTS,5,9105031,"['dance pop', 'pop', 'viral pop']"
Olivia Rodrigo,60,9104556,['pop']
Olivia Rodrigo,60,9104556,['pop']
Olivia Rodrigo,60,9104556,['pop']
Olivia Rodrigo,60,9104556,['pop']
Olivia Rodrigo,60,9104556,['pop']
James Hype Miggy Dela Rosa,6,8944766,"['deep groove house', 'edm', 'house', 'pop dance', 'tropical house', 'uk dance']"
Adele,39,8863635,"['british soul', 'pop', 'pop soul', 'uk pop']"
Anitta,19,8585175,"['funk carioca', 'funk pop', 'pagode baiano', 'pop nacional']"
Dua Lipa DaBaby,93,8515720,"['dance pop', 'pop', 'uk pop']"
Bad Bunny,10,8439739,"['latin', 'reggaeton', 'trap latino']"
Bad Bunny,10,8439739,"['latin', 'reggaeton', 'trap latino']"
Bad Bunny,10,8439739,"['latin', 'reggaeton', 'trap latino']"
Bad Bunny,10,8439739,"['latin', 'reggaeton', 'trap latino']"
Bad Bunny,10,8439739,"['latin', 'reggaeton', 'trap latino']"
Bad Bunny,10,8439739,"['latin', 'reggaeton', 'trap latino']"
Bad Bunny,10,8439739,"['latin', 'reggaeton', 'trap latino']"
Bad Bunny,10,8439739,"['latin', 'reggaeton', 'trap latino']"
Bad Bunny,10,8439739,"['latin', 'reggaeton', 'trap latino']"
Bad Bunny,10,8439739,"['latin', 'reggaeton', 'trap latino']"
Bad Bunny,10,8439739,"['latin', 'reggaeton', 'trap latino']"
Bad Bunny,10,8439739,"['latin', 'reggaeton', 'trap latino']"
Bad Bunny,10,8439739,"['latin', 'reggaeton', 'trap latino']"
Bad Bunny,10,8439739,"['latin', 'reggaeton', 'trap latino']"
Lil Nas X,43,8430368,"['lgbtq+ hip hop', 'pop']"
Lil Nas X,43,8430368,"['lgbtq+ hip hop', 'pop']"
The Weeknd,84,8390807,"['canadian contemporary r&b', 'canadian pop', 'pop']"
The Weeknd,84,8390807,"['canadian contemporary r&b', 'canadian pop', 'pop']"
The Weeknd,84,8390807,"['canadian contemporary r&b', 'canadian pop', 'pop']"
The Weeknd,84,8390807,"['canadian contemporary r&b', 'canadian pop', 'pop']"
The Weeknd,84,8390807,"['canadian contemporary r&b', 'canadian pop', 'pop']"
Olivia Rodrigo,79,8381927,['pop']
Olivia Rodrigo,79,8381927,['pop']
Olivia Rodrigo,79,8381927,['pop']
Olivia Rodrigo,79,8381927,['pop']
Olivia Rodrigo,79,8381927,['pop']
Taylor Swift,9,8333301,['pop']
Taylor Swift,9,8333301,['pop']
Billie Eilish,50,8330230,['indie hip hop']
Arctic Monkeys,28,8328287,"['garage rock', 'permanent wave', 'rock', 'sheffield indie']"
Arctic Monkeys,28,8328287,"['garage rock', 'permanent wave', 'rock', 'sheffield indie']"
Arctic Monkeys,28,8328287,"['garage rock', 'permanent wave', 'rock', 'sheffield indie']"
Olivia Rodrigo,67,8298197,['pop']
Olivia Rodrigo,67,8298197,['pop']
Olivia Rodrigo,67,8298197,['pop']
Olivia Rodrigo,67,8298197,['pop']
Olivia Rodrigo,67,8298197,['pop']
Tainy Bad Bunny Julieta Venegas,41,8281898,"['latin', 'latin hip hop', 'latin pop', 'pop reggaeton', 'reggaeton', 'trap latino']"
Bad Bunny,10,8243232,"['latin', 'reggaeton', 'trap latino']"
Bad Bunny,10,8243232,"['latin', 'reggaeton', 'trap latino']"
Bad Bunny,10,8243232,"['latin', 'reggaeton', 'trap latino']"
Bad Bunny,10,8243232,"['latin', 'reggaeton', 'trap latino']"
Bad Bunny,10,8243232,"['latin', 'reggaeton', 'trap latino']"
Bad Bunny,10,8243232,"['latin', 'reggaeton', 'trap latino']"
Bad Bunny,10,8243232,"['latin', 'reggaeton', 'trap latino']"
Bad Bunny,10,8243232,"['latin', 'reggaeton', 'trap latino']"
Bad Bunny,10,8243232,"['latin', 'reggaeton', 'trap latino']"
Bad Bunny,10,8243232,"['latin', 'reggaeton', 'trap latino']"
Bad Bunny,10,8243232,"['latin', 'reggaeton', 'trap latino']"
Bad Bunny,10,8243232,"['latin', 'reggaeton', 'trap latino']"
Bad Bunny,10,8243232,"['latin', 'reggaeton', 'trap latino']"
Bad Bunny,10,8243232,"['latin', 'reggaeton', 'trap latino']"
Bad Bunny,10,8220630,"['latin', 'reggaeton', 'trap latino']"
Bad Bunny,10,8220630,"['latin', 'reggaeton', 'trap latino']"
Bad Bunny,10,8220630,"['latin', 'reggaeton', 'trap latino']"
Bad Bunny,10,8220630,"['latin', 'reggaeton', 'trap latino']"
Bad Bunny,10,8220630,"['latin', 'reggaeton', 'trap latino']"
Bad Bunny,10,8220630,"['latin', 'reggaeton', 'trap latino']"
Bad Bunny,10,8220630,"['latin', 'reggaeton', 'trap latino']"
Bad Bunny,10,8220630,"['latin', 'reggaeton', 'trap latino']"
Bad Bunny,10,8220630,"['latin', 'reggaeton', 'trap latino']"
Bad Bunny,10,8220630,"['latin', 'reggaeton', 'trap latino']"
Bad Bunny,10,8220630,"['latin', 'reggaeton', 'trap latino']"
Bad Bunny,10,8220630,"['latin', 'reggaeton', 'trap latino']"
Bad Bunny,10,8220630,"['latin', 'reggaeton', 'trap latino']"
Bad Bunny,10,8220630,"['latin', 'reggaeton', 'trap latino']"
Bad Bunny,10,8208045,"['latin', 'reggaeton', 'trap latino']"
Bad Bunny,10,8208045,"['latin', 'reggaeton', 'trap latino']"
Bad Bunny,10,8208045,"['latin', 'reggaeton', 'trap latino']"
Bad Bunny,10,8208045,"['latin', 'reggaeton', 'trap latino']"
Bad Bunny,10,8208045,"['latin', 'reggaeton', 'trap latino']"
Bad Bunny,10,8208045,"['latin', 'reggaeton', 'trap latino']"
Bad Bunny,10,8208045,"['latin', 'reggaeton', 'trap latino']"
Bad Bunny,10,8208045,"['latin', 'reggaeton', 'trap latino']"
Bad Bunny,10,8208045,"['latin', 'reggaeton', 'trap latino']"
Bad Bunny,10,8208045,"['latin', 'reggaeton', 'trap latino']"
Bad Bunny,10,8208045,"['latin', 'reggaeton', 'trap latino']"
Bad Bunny,10,8208045,"['latin', 'reggaeton', 'trap latino']"
Bad Bunny,10,8208045,"['latin', 'reggaeton', 'trap latino']"
Bad Bunny,10,8208045,"['latin', 'reggaeton', 'trap latino']"
j hope,2,8166216,"['k-pop', 'k-rap']"
Imanbek BYOR,7,8147362,"['dance pop', 'edm', 'electro house', 'pop dance', 'slap house', 'tropical house']"
The Weeknd,38,8106507,"['canadian contemporary r&b', 'canadian pop', 'pop']"
The Weeknd,38,8106507,"['canadian contemporary r&b', 'canadian pop', 'pop']"
The Weeknd,38,8106507,"['canadian contemporary r&b', 'canadian pop', 'pop']"
The Weeknd,38,8106507,"['canadian contemporary r&b', 'canadian pop', 'pop']"
The Weeknd,38,8106507,"['canadian contemporary r&b', 'canadian pop', 'pop']"
Imagine Dragons,18,8105205,"['modern rock', 'rock']"
Imagine Dragons,18,8105205,"['modern rock', 'rock']"
Bad Bunny,10,8006060,"['latin', 'reggaeton', 'trap latino']"
Bad Bunny,10,8006060,"['latin', 'reggaeton', 'trap latino']"
Bad Bunny,10,8006060,"['latin', 'reggaeton', 'trap latino']"
Bad Bunny,10,8006060,"['latin', 'reggaeton', 'trap latino']"
Bad Bunny,10,8006060,"['latin', 'reggaeton', 'trap latino']"
Bad Bunny,10,8006060,"['latin', 'reggaeton', 'trap latino']"
Bad Bunny,10,8006060,"['latin', 'reggaeton', 'trap latino']"
Bad Bunny,10,8006060,"['latin', 'reggaeton', 'trap latino']"
Bad Bunny,10,8006060,"['latin', 'reggaeton', 'trap latino']"
Bad Bunny,10,8006060,"['latin', 'reggaeton', 'trap latino']"
Bad Bunny,10,8006060,"['latin', 'reggaeton', 'trap latino']"
Bad Bunny,10,8006060,"['latin', 'reggaeton', 'trap latino']"
Bad Bunny,10,8006060,"['latin', 'reggaeton', 'trap latino']"
Bad Bunny,10,8006060,"['latin', 'reggaeton', 'trap latino']"
Post Malone Roddy Ricch,9,7994323,"['dfw rap', 'melodic rap', 'rap']"
Harry Styles,8,7975996,['pop']
Harry Styles,8,7975996,['pop']
Harry Styles,8,7975996,['pop']
Harry Styles,8,7975996,['pop']
Harry Styles,8,7975996,['pop']
Harry Styles,8,7975996,['pop']
Yung Gravy,1,7961447,"['minnesota hip hop', 'pop rap']"
NAYEON,3,7946134,[]
Manuel Turizo,2,7913446,"['colombian pop', 'latin', 'latin pop', 'reggaeton', 'reggaeton colombiano', 'trap latino']"
Doja Cat SZA,66,7834602,"['dance pop', 'pop']"
GAYLE,35,7804786,['modern alternative pop']
WILLOW,17,7793009,['pop']
PolimA Westcoast Pailita,12,7788713,"['trap chileno', 'trap latino', 'trap triste', 'urbano chileno']"
Lasso,2,7759140,"['alternative dance', 'indie rock', 'modern rock', 'new rave', 'rock independant francais']"
Bad Bunny,58,7725632,"['latin', 'reggaeton', 'trap latino']"
Bad Bunny,58,7725632,"['latin', 'reggaeton', 'trap latino']"
Bad Bunny,58,7725632,"['latin', 'reggaeton', 'trap latino']"
Bad Bunny,58,7725632,"['latin', 'reggaeton', 'trap latino']"
Bad Bunny,58,7725632,"['latin', 'reggaeton', 'trap latino']"
Bad Bunny,58,7725632,"['latin', 'reggaeton', 'trap latino']"
Bad Bunny,58,7725632,"['latin', 'reggaeton', 'trap latino']"
Bad Bunny,58,7725632,"['latin', 'reggaeton', 'trap latino']"
Bad Bunny,58,7725632,"['latin', 'reggaeton', 'trap latino']"
Bad Bunny,58,7725632,"['latin', 'reggaeton', 'trap latino']"
Bad Bunny,58,7725632,"['latin', 'reggaeton', 'trap latino']"
Bad Bunny,58,7725632,"['latin', 'reggaeton', 'trap latino']"
Bad Bunny,58,7725632,"['latin', 'reggaeton', 'trap latino']"
Bad Bunny,58,7725632,"['latin', 'reggaeton', 'trap latino']"
Coldplay BTS,42,7725313,"['permanent wave', 'pop']"
Benson Boone,11,7706393,['pop']
Paloma Faith,8,7684157,"['british soul', 'dance pop', 'uk pop']"
Charlie Puth,25,7678666,"['dance pop', 'pop', 'viral pop']"
TiAsto Ava Max,36,7581340,"['big room', 'brostep', 'dance pop', 'dutch edm', 'edm', 'house', 'pop', 'pop dance', 'slap house', 'trance', 'tropical house']"
Guns N' Roses,6,7448276,"['glam metal', 'hard rock', 'rock']"
Harry Styles,8,7444904,['pop']
Harry Styles,8,7444904,['pop']
Harry Styles,8,7444904,['pop']
Harry Styles,8,7444904,['pop']
Harry Styles,8,7444904,['pop']
Harry Styles,8,7444904,['pop']
Jax Jones MNEK,13,7444100,"['dance pop', 'edm', 'house', 'pop', 'pop dance', 'pop rap', 'tropical house', 'uk dance', 'uk pop']"
The Walters,40,7388259,['chicago indie']
Eminem,42,7370646,"['detroit hip hop', 'hip hop', 'rap']"
Eminem,42,7370646,"['detroit hip hop', 'hip hop', 'rap']"
Eminem,42,7370646,"['detroit hip hop', 'hip hop', 'rap']"
Panic At The Disco,12,7331020,['modern rock']
Musical Youth,6,7298167,['uk reggae']
The Weeknd Ariana Grande,64,7264983,"['canadian contemporary r&b', 'canadian pop', 'pop']"
Imagine Dragons,284,7255180,"['modern rock', 'rock']"
Imagine Dragons,284,7255180,"['modern rock', 'rock']"
Billie Eilish Khalid,221,7239832,"['art pop', 'electropop', 'pop']"
The Police,57,7197695,"['album rock', 'art rock', 'classic rock', 'mellow gold', 'new wave', 'permanent wave', 'rock', 'soft rock']"
Danny Ocean,17,7197197,"['latin', 'pop venezolano', 'reggaeton', 'trap latino']"
Calvin Harris Dua Lipa Young Thug,7,7193191,"['dance pop', 'edm', 'electro house', 'house', 'pop', 'progressive house', 'uk dance']"
Coldplay,82,7181441,"['dance pop', 'escape room', 'minnesota hip hop', 'pop', 'trap queen']"
Bad Bunny The MarAas,10,7162502,"['latin', 'reggaeton', 'trap latino']"
Bad Bunny Tainy,63,7130314,"['latin', 'latin hip hop', 'latin pop', 'pop reggaeton', 'reggaeton', 'trap latino']"
MrKitty,13,7104196,['weirdcore']
One Direction,7,7094361,"['boy band', 'pop', 'post-teen pop', 'talent show']"
Dove Cameron,22,7028681,"['pop', 'post-teen pop']"
DJ Robin SchArze,2,6985121,"['dance pop', 'deep euro house', 'deep house', 'edm', 'german dance', 'pop', 'pop dance', 'tropical house']"
J Cole,51,6974666,"['conscious hip hop', 'hip hop', 'north carolina hip hop', 'rap']"
The Weeknd Daft Punk,93,6958528,"['canadian contemporary r&b', 'canadian pop', 'pop']"
Tears For Fears,6,6918015,"['new romantic', 'new wave', 'new wave pop', 'permanent wave', 'sophisti-pop', 'synthpop']"
Lewis Capaldi,184,6895453,"['pop', 'uk pop']"
BTS,5,6837752,"['dance pop', 'pop', 'viral pop']"
BTS,5,6837752,"['dance pop', 'pop', 'viral pop']"
BTS,5,6837752,"['dance pop', 'pop', 'viral pop']"
Mora Feid,2,6783870,"['latin', 'reggaeton', 'trap latino']"
Drake,4,6757368,"['canadian hip hop', 'canadian pop', 'hip hop', 'rap', 'toronto rap']"
Drake,4,6757368,"['canadian hip hop', 'canadian pop', 'hip hop', 'rap', 'toronto rap']"
Megan Thee Stallion Dua Lipa,18,6722738,"['dance pop', 'houston rap', 'pop', 'trap queen']"
Queen,198,6717197,"['electropop', 'pop', 'pop rap']"
Maroon 5 Wiz Khalifa,30,6646181,['pop']
Doja Cat,57,6644057,"['dfw rap', 'melodic rap', 'rap']"
Doja Cat,57,6644057,"['dfw rap', 'melodic rap', 'rap']"
Doja Cat,57,6644057,"['dfw rap', 'melodic rap', 'rap']"
Burna Boy,1,6638232,"['afro dancehall', 'dancehall', 'nigerian hip hop', 'nigerian pop']"
The Weeknd Gesaffelstein,6,6605597,"['dark clubbing', 'destroy techno']"
Dua Lipa,141,6603999,"['deep underground hip hop', 'kentucky hip hop', 'rap']"
Lady Gaga,7,6599369,"['art pop', 'dance pop', 'pop']"
Zion & Lennox,21,6550814,"['latin', 'latin hip hop', 'reggaeton', 'trap latino']"
Jaymes Young,37,6538563,"['modern rock', 'pop']"
BTS,99,6532745,"['dance pop', 'pop', 'viral pop']"
BTS,99,6532745,"['dance pop', 'pop', 'viral pop']"
BTS,99,6532745,"['dance pop', 'pop', 'viral pop']"
Shae Gill Ali Sethi,12,6524803,[]
Justin Bieber Daniel Caesar Giveon,69,6523246,"['canadian pop', 'pop']"
Taylor Swift,36,6493642,['pop']
Taylor Swift,36,6493642,['pop']
Post Malone Swae Lee,195,6480368,"['dfw rap', 'melodic rap', 'rap']"
Bad Bunny,10,6472774,"['latin', 'reggaeton', 'trap latino']"
Bad Bunny,10,6472774,"['latin', 'reggaeton', 'trap latino']"
Bad Bunny,10,6472774,"['latin', 'reggaeton', 'trap latino']"
Bad Bunny,10,6472774,"['latin', 'reggaeton', 'trap latino']"
Bad Bunny,10,6472774,"['latin', 'reggaeton', 'trap latino']"
Bad Bunny,10,6472774,"['latin', 'reggaeton', 'trap latino']"
Bad Bunny,10,6472774,"['latin', 'reggaeton', 'trap latino']"
Bad Bunny,10,6472774,"['latin', 'reggaeton', 'trap latino']"
Bad Bunny,10,6472774,"['latin', 'reggaeton', 'trap latino']"
Bad Bunny,10,6472774,"['latin', 'reggaeton', 'trap latino']"
Bad Bunny,10,6472774,"['latin', 'reggaeton', 'trap latino']"
Bad Bunny,10,6472774,"['latin', 'reggaeton', 'trap latino']"
Bad Bunny,10,6472774,"['latin', 'reggaeton', 'trap latino']"
Bad Bunny,10,6472774,"['latin', 'reggaeton', 'trap latino']"
L7NNON DJ Biel do Furduncinho Bianca,2,6463319,['pop rap brasileiro']
Marshmello Khalid,5,6446068,"['brostep', 'dance pop', 'edm', 'pop', 'pop dance', 'progressive electro house']"
David Guetta Becky Hill Ella Henderson,10,6444554,"['big room', 'dance pop', 'edm', 'pop', 'pop dance', 'pop rap']"
Ryan Castro,20,6428732,['trap colombiano']
Lil Nas X,68,6413290,"['lgbtq+ hip hop', 'pop']"
Lil Nas X,68,6413290,"['lgbtq+ hip hop', 'pop']"
Nirvana,79,6407330,"['alternative rock', 'grunge', 'permanent wave', 'rock']"
Vance Joy,80,6405142,"['folk-pop', 'modern rock', 'pop', 'pop rock']"
Maneskin,58,6404697,"['indie rock italiano', 'italian pop']"
Maneskin,58,6404697,"['indie rock italiano', 'italian pop']"
Maneskin,9,6390201,"['indie rock italiano', 'italian pop']"
Maneskin,9,6390201,"['indie rock italiano', 'italian pop']"
OneRepublic,70,6389642,"['dance pop', 'piano rock', 'pop', 'pop rock']"
OneRepublic,70,6389642,"['dance pop', 'piano rock', 'pop', 'pop rock']"
The Killers,103,6377591,"['alternative rock', 'dance rock', 'modern rock', 'permanent wave', 'rock']"
Troye Sivan,15,6368998,"['dance pop', 'edm', 'electro house', 'pop', 'pop dance', 'pop edm', 'slap house', 'tropical house']"
Harry Styles,8,6360091,['pop']
Harry Styles,8,6360091,['pop']
Harry Styles,8,6360091,['pop']
Harry Styles,8,6360091,['pop']
Harry Styles,8,6360091,['pop']
Harry Styles,8,6360091,['pop']
TINI Becky G Anitta,1,6354408,"['latin pop', 'pop argentino']"
Eminem,58,6347800,"['detroit hip hop', 'hip hop', 'rap']"
Eminem,58,6347800,"['detroit hip hop', 'hip hop', 'rap']"
Eminem,58,6347800,"['detroit hip hop', 'hip hop', 'rap']"
Cardi B Kanye West Lil Durk,2,6280767,"['dance pop', 'pop', 'pop rap', 'rap']"
Post Malone,150,6273440,"['dfw rap', 'melodic rap', 'rap']"
Bad Bunny,10,6253523,"['latin', 'reggaeton', 'trap latino']"
Bad Bunny,10,6253523,"['latin', 'reggaeton', 'trap latino']"
Bad Bunny,10,6253523,"['latin', 'reggaeton', 'trap latino']"
Bad Bunny,10,6253523,"['latin', 'reggaeton', 'trap latino']"
Bad Bunny,10,6253523,"['latin', 'reggaeton', 'trap latino']"
Bad Bunny,10,6253523,"['latin', 'reggaeton', 'trap latino']"
Bad Bunny,10,6253523,"['latin', 'reggaeton', 'trap latino']"
Bad Bunny,10,6253523,"['latin', 'reggaeton', 'trap latino']"
Bad Bunny,10,6253523,"['latin', 'reggaeton', 'trap latino']"
Bad Bunny,10,6253523,"['latin', 'reggaeton', 'trap latino']"
Bad Bunny,10,6253523,"['latin', 'reggaeton', 'trap latino']"
Bad Bunny,10,6253523,"['latin', 'reggaeton', 'trap latino']"
Bad Bunny,10,6253523,"['latin', 'reggaeton', 'trap latino']"
Bad Bunny,10,6253523,"['latin', 'reggaeton', 'trap latino']"
Sia,22,6251829,"['australian dance', 'australian pop', 'pop']"
Daddy Yankee Bad Bunny,16,6246991,"['latin', 'reggaeton', 'trap latino']"
Bad Bunny Jhay Cortez,89,6238240,"['latin', 'reggaeton', 'trap latino']"
Bad Bunny Jhay Cortez,89,6238240,"['latin', 'reggaeton', 'trap latino']"
The Weeknd,46,6217639,"['canadian contemporary r&b', 'canadian pop', 'pop']"
The Weeknd,46,6217639,"['canadian contemporary r&b', 'canadian pop', 'pop']"
The Weeknd,46,6217639,"['canadian contemporary r&b', 'canadian pop', 'pop']"
The Weeknd,46,6217639,"['canadian contemporary r&b', 'canadian pop', 'pop']"
The Weeknd,46,6217639,"['canadian contemporary r&b', 'canadian pop', 'pop']"
MC Tairon Mc Vitin Da Igrejinha Dj Win,2,6217171,['funk mtg']
J Balvin Bad Bunny,73,6146420,"['latin', 'reggaeton', 'reggaeton colombiano', 'trap latino']"
Ed Sheeran,285,6132218,"['pop', 'uk pop']"
Ed Sheeran,285,6132218,"['pop', 'uk pop']"
Ed Sheeran,285,6132218,"['pop', 'uk pop']"
Ed Sheeran,285,6132218,"['pop', 'uk pop']"
Joji,40,6090140,['viral pop']
Joji,40,6090140,['viral pop']
Bruno Mars,28,6050387,"['dance pop', 'pop']"
ACRAZE Cherish,37,6025166,[]
Tate McRae,23,6024585,"['pop', 'uk pop']"
Steve Lacy,49,6022557,['afrofuturism']
Steve Lacy,49,6022557,['afrofuturism']
Conan Gray,103,5968588,"['bedroom pop', 'pop']"
Coolio LV,38,5941982,"['g funk', 'gangster rap', 'hip hop', 'rap', 'west coast rap']"
LF SYSTEM,1,5909732,[]
Eminem,82,5860465,"['detroit hip hop', 'hip hop', 'rap']"
Eminem,82,5860465,"['detroit hip hop', 'hip hop', 'rap']"
Eminem,82,5860465,"['detroit hip hop', 'hip hop', 'rap']"
Brent Faiyaz,1,5854629,"['dmv rap', 'hip hop', 'pop', 'r&b', 'rap']"
Brent Faiyaz,1,5854629,"['dmv rap', 'hip hop', 'pop', 'r&b', 'rap']"
The Neighbourhood,27,5851963,"['modern alternative rock', 'modern rock', 'pop', 'shimmer pop']"
The Neighbourhood,27,5851963,"['modern alternative rock', 'modern rock', 'pop', 'shimmer pop']"
Ed Sheeran,278,5850726,"['pop', 'uk pop']"
Ed Sheeran,278,5850726,"['pop', 'uk pop']"
Ed Sheeran,278,5850726,"['pop', 'uk pop']"
Ed Sheeran,278,5850726,"['pop', 'uk pop']"
Olivia Rodrigo,60,5828833,['pop']
Olivia Rodrigo,60,5828833,['pop']
Olivia Rodrigo,60,5828833,['pop']
Olivia Rodrigo,60,5828833,['pop']
Olivia Rodrigo,60,5828833,['pop']
Drake WizKid Kyla,136,5813505,"['canadian hip hop', 'canadian pop', 'hip hop', 'rap', 'toronto rap']"
Rauw Alejandro,60,5810092,"['latin', 'reggaeton', 'trap latino']"
Cigarettes After Sex,1,5805454,"['ambient pop', 'dream pop', 'el paso indie', 'shoegaze']"
Arctic Monkeys,44,5804169,"['garage rock', 'permanent wave', 'rock', 'sheffield indie']"
Arctic Monkeys,44,5804169,"['garage rock', 'permanent wave', 'rock', 'sheffield indie']"
Arctic Monkeys,44,5804169,"['garage rock', 'permanent wave', 'rock', 'sheffield indie']"
Rosa Linn,1,5780104,[]
Bizarrap Tiago PZK,19,5766183,"['argentine hip hop', 'pop venezolano', 'trap argentino']"
Brent Faiyaz,1,5750054,"['dmv rap', 'hip hop', 'pop', 'r&b', 'rap']"
Brent Faiyaz,1,5750054,"['dmv rap', 'hip hop', 'pop', 'r&b', 'rap']"
Arctic Monkeys,1,5699530,"['garage rock', 'permanent wave', 'rock', 'sheffield indie']"
Arctic Monkeys,1,5699530,"['garage rock', 'permanent wave', 'rock', 'sheffield indie']"
Arctic Monkeys,1,5699530,"['garage rock', 'permanent wave', 'rock', 'sheffield indie']"
Tiago PZK Ozuna,6,5697806,['trap argentino']
Rema,1,5688777,"['art pop', 'art rock', 'baroque pop', 'new wave pop', 'permanent wave', 'piano rock', 'singer-songwriter']"
Avicii,83,5662493,"['dance pop', 'edm', 'pop', 'pop dance', 'pop rap']"
Avicii,83,5662493,"['dance pop', 'edm', 'pop', 'pop dance', 'pop rap']"
Alejo Feid ROBI,17,5657880,"['reggaeton', 'trap latino']"
Shawn Mendes,69,5637347,"['canadian pop', 'pop', 'viral pop']"
The Kid LAROI,12,5607355,['australian hip hop']
Ze Felipe MC Mari,3,5603007,"['arrocha', 'arrochadeira']"
The Goo Goo Dolls,11,5592566,"['neo mellow', 'permanent wave', 'pop rock']"
Fivio Foreign The Kid LAROI,1,5572362,"['brooklyn drill', 'hip hop', 'new york drill', 'rap', 'trap']"
Sleepy Hallow 347aidan,7,5542413,"['brooklyn drill', 'nyc rap']"
Avicii,70,5536726,"['dance pop', 'edm', 'pop', 'pop dance', 'pop rap']"
Avicii,70,5536726,"['dance pop', 'edm', 'pop', 'pop dance', 'pop rap']"
